dataset,model,model_short,variant,trial,val_acc,clean_acc,noisy_acc,epochs,params,n_points,num_classes,batch_size
circles,AttentionTensorFieldNetwork,AttnTFN,baseline,0,66.0,0.66,0.65,50,558444,600,3,32
circles,AttentionTensorFieldNetwork,AttnTFN,baseline,1,66.33333333333333,0.6633333333333333,0.6366666666666667,50,558444,600,3,32
circles,AttentionTensorFieldNetwork,AttnTFN,baseline,2,100.0,1.0,0.6666666666666666,50,558444,600,3,32
circles,DistanceMatrixRaggedModel,DistanceMatrixRaggedModel,baseline,0,34.0,0.34,0.34,20,96771,100,3,16
circles,GTTensorFieldNetworkV2,GTTFNv2,attn-pool,0,100.0,1.0,0.6666666666666666,20,90244,600,3,32
circles,GTTensorFieldNetworkV2,GTTFNv2,attn-pool,1,100.0,1.0,0.6666666666666666,20,90244,600,3,32
circles,GTTensorFieldNetworkV2,GTTFNv2,attn-pool,2,100.0,1.0,0.6666666666666666,20,90244,600,3,32
circles,GTTensorFieldNetworkV2,GTTFNv2,baseline,0,72.0,0.72,0.71,20,89091,100,3,16
circles,GTTensorFieldNetworkV2,GTTFNv2,baseline,1,100.0,1.0,0.68,20,89091,100,3,16
circles,GTTensorFieldNetworkV2,GTTFNv2,baseline,2,67.0,0.67,0.67,20,89091,100,3,16
circles,GTTensorFieldNetworkV2,GTTFNv2,consistency-lam1.0,0,100.0,1.0,0.44,20,88389,600,3,32
circles,GTTensorFieldNetworkV2,GTTFNv2,consistency-lam1.0,1,100.0,1.0,0.44,20,88389,600,3,32
circles,GTTensorFieldNetworkV2,GTTFNv2,cov-feat,0,100.0,1.0,0.6666666666666666,20,100869,600,3,32
circles,GTTensorFieldNetworkV2,GTTFNv2,cov-feat,1,100.0,1.0,0.6666666666666666,20,100869,600,3,32
circles,GTTensorFieldNetworkV2,GTTFNv2,denoise,0,100.0,1.0,0.6666666666666666,20,88389,600,3,32
circles,GTTensorFieldNetworkV2,GTTFNv2,denoise,1,100.0,1.0,0.6666666666666666,20,88389,600,3,32
circles,GTTensorFieldNetworkV2,GTTFNv2,dtm-filter,0,82.0,0.82,0.84,12,89091,100,3,32
circles,GTTensorFieldNetworkV2,GTTFNv2,dtm-readout,0,100.0,0.7033333333333334,0.6666666666666666,30,89091,600,3,32
circles,GTTensorFieldNetworkV2,GTTFNv2,feat-pd,0,100.0,1.0,0.5533333333333333,20,88389,600,3,32
circles,GTTensorFieldNetworkV2,GTTFNv2,feat-pd,1,100.0,1.0,0.5533333333333333,20,88389,600,3,32
circles,GTTensorFieldNetworkV2,GTTFNv2,geom-reg,0,100.0,1.0,0.6666666666666666,20,88389,600,3,32
circles,GTTensorFieldNetworkV2,GTTFNv2,geom-reg,1,100.0,1.0,0.6666666666666666,20,88389,600,3,32
circles,GTTensorFieldNetworkV2,GTTFNv2,multiscale,0,100.0,1.0,0.6666666666666666,20,88389,600,3,32
circles,GTTensorFieldNetworkV2,GTTFNv2,multiscale,1,100.0,1.0,0.6666666666666666,20,88389,600,3,32
circles,GTTensorFieldNetworkV2,GTTFNv2,noise-aug,0,69.0,0.69,0.65,20,89091,100,3,16
circles,GTTensorFieldNetworkV2,GTTFNv2,noise-aug_frac0.5,0,100.0,1.0,0.6666666666666666,100,89091,600,3,32
circles,GTTensorFieldNetworkV2,GTTFNv2,noise-aug_robust-knn,0,73.33333333333333,0.7333333333333333,0.67,20,89091,600,3,32
circles,GTTensorFieldNetworkV2,GTTFNv2,noise-aug_robust-knn_frac1.0,1,67.0,0.67,0.67,20,89091,100,3,16
circles,GTTensorFieldNetworkV2,GTTFNv2,noise-aug_robust-knn_frac1.0,2,85.0,0.85,0.73,20,89091,100,3,16
circles,GTTensorFieldNetworkV2,GTTFNv2,noise-aug_train-robust-knn,0,73.66666666666667,0.7366666666666667,0.6733333333333333,100,89091,600,3,32
circles,GTTensorFieldNetworkV2,GTTFNv2,norm-readout,0,100.0,1.0,0.6666666666666666,15,89091,600,3,32
circles,GTTensorFieldNetworkV2,GTTFNv2,pd-fusion,0,100.0,0.6666666666666666,0.6966666666666667,20,89091,600,3,32
circles,GTTensorFieldNetworkV2,GTTFNv2,pd-fusion,1,97.66666666666667,0.74,0.3333333333333333,20,89091,600,3,32
circles,GTTensorFieldNetworkV2,GTTFNv2,pd-fusion,2,96.33333333333334,0.9633333333333334,0.34,20,89091,600,3,32
circles,GTTensorFieldNetworkV2,GTTFNv2,pool-max,0,99.33333333333333,0.9933333333333333,0.3333333333333333,100,89091,600,3,32
circles,GTTensorFieldNetworkV2,GTTFNv2,robust-knn,0,100.0,1.0,0.57,30,89091,600,3,32
circles,GTTensorFieldNetworkV2,GTTFNv2,train-dtm-readout,0,100.0,1.0,0.6666666666666666,20,88389,600,3,32
circles,GTTensorFieldNetworkV2,GTTFNv2,train-dtm-readout,1,100.0,1.0,0.6666666666666666,20,88389,600,3,32
circles,HierarchicalTensorFieldNetwork,HierTFN,attn-pool,0,100.0,0.99,0.45666666666666667,20,194339,600,3,32
circles,HierarchicalTensorFieldNetwork,HierTFN,attn-pool,1,66.66666666666666,0.6666666666666666,0.49333333333333335,20,194339,600,3,32
circles,HierarchicalTensorFieldNetwork,HierTFN,attn-pool,2,99.33333333333333,0.9866666666666667,0.6666666666666666,20,194339,600,3,32
circles,HierarchicalTensorFieldNetwork,HierTFN,baseline,0,100.0,0.9933333333333333,0.36333333333333334,50,194339,600,3,32
circles,HierarchicalTensorFieldNetwork,HierTFN,baseline,1,66.66666666666666,0.6666666666666666,0.35333333333333333,50,194339,600,3,32
circles,HierarchicalTensorFieldNetwork,HierTFN,baseline,2,71.66666666666667,0.7133333333333334,0.3333333333333333,50,194339,600,3,32
circles,HybridOnEquivariantTensorFieldNetwork,HybridTFN,baseline,0,42.66666666666667,0.4266666666666667,0.4266666666666667,50,1177254,600,3,32
circles,HybridOnEquivariantTensorFieldNetwork,HybridTFN,baseline,1,66.66666666666666,0.6666666666666666,0.6666666666666666,20,1177254,600,3,32
circles,HybridOnEquivariantTensorFieldNetwork,HybridTFN,baseline,2,66.66666666666666,0.6666666666666666,0.6666666666666666,20,1177254,600,3,32
circles,OnEquivariantTensorFieldNetwork,OnEquivTFN,baseline,0,66.0,0.66,0.6366666666666667,50,1068387,600,3,32
circles,OnEquivariantTensorFieldNetwork,OnEquivTFN,baseline,1,47.0,0.47,0.45,50,1068387,600,3,32
circles,OnEquivariantTensorFieldNetwork,OnEquivTFN,baseline,2,100.0,1.0,0.6666666666666666,20,1068387,600,3,32
circles,PersNet,PersNet,baseline,0,83.33333333333334,0.8333333333333334,0.74,20,141763,600,3,32
circles,PersNet,PersNet,baseline,1,87.66666666666667,0.8766666666666667,0.76,20,141763,600,3,32
circles,PersNet,PersNet,baseline,2,88.0,0.88,0.7466666666666667,20,141763,600,3,32
circles,PersNet,PersNet,denoise,0,77.33333333333333,0.7733333333333333,0.75,3,141763,600,3,32
circles,PersNet,PersNet,denoise_geom-reg_feat-pd,0,100.0,1.0,0.42333333333333334,3,141763,600,3,32
circles,PersNet,PersNet,feat-pd,0,95.66666666666667,0.9566666666666667,0.33666666666666667,3,141763,600,3,32
circles,PersNet,PersNet,geom-reg,0,69.33333333333334,0.6933333333333334,0.6733333333333333,3,141763,600,3,32
circles,PersNet,PersNet,noise-aug,0,64.66666666666666,0.6466666666666666,0.6933333333333334,20,141763,600,3,32
circles,PersNet,PersNet,noise-aug,1,64.0,0.64,0.74,20,141763,600,3,32
circles,PersNet,PersNet,noise-aug,2,62.33333333333333,0.6233333333333333,0.65,20,141763,600,3,32
circles,PointNetTutorial,PointNetTutorial,baseline,0,92.0,0.92,0.7266666666666667,100,141763,600,3,32
circles,PointNetTutorial,PointNetTutorial,baseline,1,91.33333333333333,0.9133333333333333,0.7066666666666667,100,141763,600,3,32
circles,PointNetTutorial,PointNetTutorial,baseline,2,89.66666666666666,0.8966666666666666,0.7033333333333334,100,141763,600,3,32
circles,RelaxedOnEquivariantTensorFieldNetwork,RelaxTFN,baseline,0,100.0,1.0,0.6666666666666666,20,1068389,600,3,32
circles,RelaxedOnEquivariantTensorFieldNetwork,RelaxTFN,baseline,1,66.66666666666666,0.6666666666666666,0.6666666666666666,20,1068389,600,3,32
circles,RelaxedOnEquivariantTensorFieldNetwork,RelaxTFN,baseline,2,64.33333333333333,0.6433333333333333,0.6566666666666666,50,1068389,600,3,32
circles,RipsPointNet,RipsPointNet,baseline,0,100.0,1.0,0.36666666666666664,20,281379,600,3,32
circles,RipsPointNet,RipsPointNet,baseline,1,100.0,1.0,0.34,20,281379,600,3,32
circles,RipsPointNet,RipsPointNet,baseline,2,100.0,1.0,0.36333333333333334,20,281379,600,3,32
circles,ScalarDistanceDeepSet,ScalarDeepSet,baseline,0,33.33333333333333,0.3333333333333333,0.3333333333333333,100,75651,600,3,32
circles,ScalarDistanceDeepSet,ScalarDeepSet,baseline,1,57.99999999999999,0.58,0.59,100,75651,600,3,32
circles,ScalarDistanceDeepSet,ScalarDeepSet,baseline,2,33.33333333333333,0.3333333333333333,0.3333333333333333,100,75651,600,3,32
circles,ScalarInputMLP,ScalarMLP,baseline,0,66.66666666666666,0.6666666666666666,0.6666666666666666,100,664067,600,3,32
circles,ScalarInputMLP,ScalarMLP,baseline,1,66.66666666666666,0.6666666666666666,0.6666666666666666,100,664067,600,3,32
circles,ScalarInputMLP,ScalarMLP,baseline,2,66.66666666666666,0.6666666666666666,0.6666666666666666,100,664067,600,3,32
circles,StochasticTensorFieldNetwork,StochTFN,baseline,0,100.0,1.0,0.6666666666666666,50,41301,600,3,32
circles,StochasticTensorFieldNetwork,StochTFN,baseline,1,100.0,1.0,0.6666666666666666,50,41301,600,3,32
circles,StochasticTensorFieldNetwork,StochTFN,baseline,2,100.0,1.0,0.6666666666666666,50,41301,600,3,32
circles,TensorFieldNetwork,TFN,baseline,0,100.0,1.0,0.6666666666666666,100,89091,600,3,32
circles,TensorFieldNetwork,TFN,baseline,1,100.0,1.0,0.6666666666666666,100,89091,600,3,32
circles,TensorFieldNetwork,TFN,baseline,2,100.0,1.0,0.6666666666666666,100,89091,600,3,32
circles_noisy,AttentionTensorFieldNetwork,AttnTFN,baseline,0,66.0,0.66,0.66,50,558444,600,3,32
circles_noisy,AttentionTensorFieldNetwork,AttnTFN,baseline,1,100.0,1.0,1.0,20,558444,600,3,32
circles_noisy,AttentionTensorFieldNetwork,AttnTFN,baseline,2,68.66666666666667,0.6866666666666666,0.6866666666666666,50,558444,600,3,32
circles_noisy,GTTensorFieldNetworkV2,GTTFNv2,attn-pool,0,100.0,1.0,1.0,20,90244,600,3,32
circles_noisy,GTTensorFieldNetworkV2,GTTFNv2,attn-pool,1,99.33333333333333,0.9933333333333333,0.9933333333333333,20,90244,600,3,32
circles_noisy,GTTensorFieldNetworkV2,GTTFNv2,attn-pool,2,99.33333333333333,0.9933333333333333,0.9933333333333333,20,90244,600,3,32
circles_noisy,GTTensorFieldNetworkV2,GTTFNv2,baseline,0,100.0,1.0,1.0,100,89091,600,3,32
circles_noisy,GTTensorFieldNetworkV2,GTTFNv2,baseline,1,100.0,1.0,1.0,100,89091,600,3,32
circles_noisy,GTTensorFieldNetworkV2,GTTFNv2,baseline,2,99.66666666666667,0.9966666666666667,0.9966666666666667,100,89091,600,3,32
circles_noisy,GTTensorFieldNetworkV2,GTTFNv2,consistency-lam1.0,0,99.33333333333333,0.9933333333333333,0.9933333333333333,20,88389,600,3,32
circles_noisy,GTTensorFieldNetworkV2,GTTFNv2,consistency-lam1.0,1,99.33333333333333,0.9933333333333333,0.9933333333333333,20,88389,600,3,32
circles_noisy,GTTensorFieldNetworkV2,GTTFNv2,cov-feat,0,100.0,1.0,1.0,20,100869,600,3,32
circles_noisy,GTTensorFieldNetworkV2,GTTFNv2,cov-feat,1,100.0,1.0,1.0,20,100869,600,3,32
circles_noisy,GTTensorFieldNetworkV2,GTTFNv2,denoise,0,100.0,1.0,1.0,20,88389,600,3,32
circles_noisy,GTTensorFieldNetworkV2,GTTFNv2,denoise,1,100.0,1.0,1.0,20,88389,600,3,32
circles_noisy,GTTensorFieldNetworkV2,GTTFNv2,feat-pd,0,77.66666666666666,0.7633333333333333,0.7633333333333333,20,88389,600,3,32
circles_noisy,GTTensorFieldNetworkV2,GTTFNv2,feat-pd,1,77.66666666666666,0.7633333333333333,0.7633333333333333,20,88389,600,3,32
circles_noisy,GTTensorFieldNetworkV2,GTTFNv2,geom-reg,0,99.66666666666667,0.9966666666666667,0.9966666666666667,20,88389,600,3,32
circles_noisy,GTTensorFieldNetworkV2,GTTFNv2,geom-reg,1,99.66666666666667,0.9966666666666667,0.9966666666666667,20,88389,600,3,32
circles_noisy,GTTensorFieldNetworkV2,GTTFNv2,multiscale,0,100.0,1.0,1.0,20,88389,600,3,32
circles_noisy,GTTensorFieldNetworkV2,GTTFNv2,multiscale,1,100.0,1.0,1.0,20,88389,600,3,32
circles_noisy,GTTensorFieldNetworkV2,GTTFNv2,pd-fusion,0,76.33333333333333,0.5233333333333333,0.5233333333333333,20,89091,600,3,32
circles_noisy,GTTensorFieldNetworkV2,GTTFNv2,pd-fusion,1,80.33333333333333,0.7966666666666666,0.7966666666666666,20,89091,600,3,32
circles_noisy,GTTensorFieldNetworkV2,GTTFNv2,pd-fusion,2,80.0,0.8,0.8,20,89091,600,3,32
circles_noisy,GTTensorFieldNetworkV2,GTTFNv2,train-dtm-readout,0,100.0,1.0,1.0,20,88389,600,3,32
circles_noisy,GTTensorFieldNetworkV2,GTTFNv2,train-dtm-readout,1,100.0,1.0,1.0,20,88389,600,3,32
circles_noisy,HierarchicalTensorFieldNetwork,HierTFN,attn-pool,0,66.66666666666666,0.6633333333333333,0.6666666666666666,20,194339,600,3,32
circles_noisy,HierarchicalTensorFieldNetwork,HierTFN,attn-pool,1,70.66666666666667,0.7066666666666667,0.7066666666666667,20,194339,600,3,32
circles_noisy,HierarchicalTensorFieldNetwork,HierTFN,attn-pool,2,70.66666666666667,0.6866666666666666,0.6933333333333334,20,194339,600,3,32
circles_noisy,HierarchicalTensorFieldNetwork,HierTFN,baseline,0,66.66666666666666,0.6666666666666666,0.6666666666666666,50,194339,600,3,32
circles_noisy,HierarchicalTensorFieldNetwork,HierTFN,baseline,1,69.66666666666667,0.7033333333333334,0.7,50,194339,600,3,32
circles_noisy,HierarchicalTensorFieldNetwork,HierTFN,baseline,2,66.66666666666666,0.6666666666666666,0.6666666666666666,50,194339,600,3,32
circles_noisy,HybridOnEquivariantTensorFieldNetwork,HybridTFN,baseline,0,99.66666666666667,0.9966666666666667,0.9966666666666667,20,1177254,600,3,32
circles_noisy,HybridOnEquivariantTensorFieldNetwork,HybridTFN,baseline,1,100.0,1.0,1.0,20,1177254,600,3,32
circles_noisy,HybridOnEquivariantTensorFieldNetwork,HybridTFN,baseline,2,67.0,0.67,0.67,20,1177254,600,3,32
circles_noisy,OnEquivariantTensorFieldNetwork,OnEquivTFN,baseline,0,100.0,1.0,1.0,20,1068387,600,3,32
circles_noisy,OnEquivariantTensorFieldNetwork,OnEquivTFN,baseline,1,65.66666666666666,0.6566666666666666,0.6566666666666666,50,1068387,600,3,32
circles_noisy,OnEquivariantTensorFieldNetwork,OnEquivTFN,baseline,2,70.33333333333334,0.7033333333333334,0.7033333333333334,50,1068387,600,3,32
circles_noisy,PersNet,PersNet,baseline,0,80.66666666666666,0.8066666666666666,0.8066666666666666,20,141763,600,3,32
circles_noisy,PersNet,PersNet,baseline,1,81.33333333333333,0.8133333333333334,0.8133333333333334,20,141763,600,3,32
circles_noisy,PersNet,PersNet,baseline,2,80.66666666666666,0.8066666666666666,0.8066666666666666,20,141763,600,3,32
circles_noisy,PersNet,PersNet,noise-aug,0,66.33333333333333,0.6633333333333333,0.6633333333333333,20,141763,600,3,32
circles_noisy,PersNet,PersNet,noise-aug,1,70.66666666666667,0.7066666666666667,0.7066666666666667,20,141763,600,3,32
circles_noisy,PersNet,PersNet,noise-aug,2,66.0,0.66,0.66,20,141763,600,3,32
circles_noisy,PointNetTutorial,PointNetTutorial,baseline,0,80.33333333333333,0.8033333333333333,0.8033333333333333,50,141763,600,3,32
circles_noisy,PointNetTutorial,PointNetTutorial,baseline,1,82.33333333333334,0.8233333333333334,0.8233333333333334,100,141763,600,3,32
circles_noisy,PointNetTutorial,PointNetTutorial,baseline,2,81.0,0.81,0.81,100,141763,600,3,32
circles_noisy,RelaxedOnEquivariantTensorFieldNetwork,RelaxTFN,baseline,0,66.33333333333333,0.6633333333333333,0.6633333333333333,50,1068389,600,3,32
circles_noisy,RelaxedOnEquivariantTensorFieldNetwork,RelaxTFN,baseline,1,99.66666666666667,0.9966666666666667,0.9966666666666667,20,1068389,600,3,32
circles_noisy,RelaxedOnEquivariantTensorFieldNetwork,RelaxTFN,baseline,2,100.0,1.0,1.0,20,1068389,600,3,32
circles_noisy,RipsPointNet,RipsPointNet,baseline,0,74.33333333333333,0.7433333333333333,0.7433333333333333,20,281379,600,3,32
circles_noisy,RipsPointNet,RipsPointNet,baseline,1,74.0,0.74,0.74,20,281379,600,3,32
circles_noisy,RipsPointNet,RipsPointNet,baseline,2,71.0,0.71,0.71,20,281379,600,3,32
circles_noisy,ScalarDistanceDeepSet,ScalarDeepSet,baseline,0,33.33333333333333,0.3333333333333333,0.3333333333333333,100,75651,600,3,32
circles_noisy,ScalarDistanceDeepSet,ScalarDeepSet,baseline,1,66.66666666666666,0.6666666666666666,0.6666666666666666,100,75651,600,3,32
circles_noisy,ScalarDistanceDeepSet,ScalarDeepSet,baseline,2,33.33333333333333,0.3333333333333333,0.3333333333333333,100,75651,600,3,32
circles_noisy,ScalarInputMLP,ScalarMLP,baseline,0,66.66666666666666,0.6666666666666666,0.6666666666666666,100,664067,600,3,32
circles_noisy,ScalarInputMLP,ScalarMLP,baseline,1,33.33333333333333,0.3333333333333333,0.3333333333333333,100,664067,600,3,32
circles_noisy,ScalarInputMLP,ScalarMLP,baseline,2,68.33333333333333,0.6833333333333333,0.6833333333333333,100,664067,600,3,32
circles_noisy,StochasticTensorFieldNetwork,StochTFN,baseline,0,100.0,1.0,1.0,50,41301,600,3,32
circles_noisy,StochasticTensorFieldNetwork,StochTFN,baseline,1,100.0,1.0,1.0,50,41301,600,3,32
circles_noisy,StochasticTensorFieldNetwork,StochTFN,baseline,2,100.0,1.0,1.0,50,41301,600,3,32
circles_noisy,TensorFieldNetwork,TFN,baseline,0,99.66666666666667,0.9966666666666667,0.9966666666666667,100,89091,600,3,32
circles_noisy,TensorFieldNetwork,TFN,baseline,1,100.0,1.0,1.0,100,89091,600,3,32
circles_noisy,TensorFieldNetwork,TFN,baseline,2,100.0,1.0,1.0,100,89091,600,3,32
shapes3d_8way,AttentionTensorFieldNetwork,AttnTFN,baseline,0,100.0,1.0,0.40202702702702703,50,904439,600,8,32
shapes3d_8way,AttentionTensorFieldNetwork,AttnTFN,baseline,1,100.0,1.0,0.875,50,904439,600,8,32
shapes3d_8way,AttentionTensorFieldNetwork,AttnTFN,baseline,2,100.0,1.0,0.40540540540540543,50,904439,600,8,32
shapes3d_8way,GTTensorFieldNetworkV2,GTTFNv2,attn-pool,0,100.0,1.0,0.6452702702702703,20,90569,600,8,32
shapes3d_8way,GTTensorFieldNetworkV2,GTTFNv2,attn-pool,1,100.0,1.0,0.34797297297297297,20,90569,600,8,32
shapes3d_8way,GTTensorFieldNetworkV2,GTTFNv2,attn-pool,2,100.0,1.0,0.6925675675675675,20,90569,600,8,32
shapes3d_8way,GTTensorFieldNetworkV2,GTTFNv2,baseline,0,100.0,1.0,0.875,100,89416,600,8,32
shapes3d_8way,GTTensorFieldNetworkV2,GTTFNv2,baseline,1,100.0,1.0,0.8581081081081081,100,89416,600,8,32
shapes3d_8way,GTTensorFieldNetworkV2,GTTFNv2,baseline,2,100.0,1.0,0.8851351351351351,100,89416,600,8,32
shapes3d_8way,GTTensorFieldNetworkV2,GTTFNv2,dtm-filter,0,100.0,1.0,0.9791666666666666,20,89416,100,8,16
shapes3d_8way,GTTensorFieldNetworkV2,GTTFNv2,pd-fusion,0,100.0,0.9324324324324325,0.7871621621621622,20,89416,600,8,32
shapes3d_8way,GTTensorFieldNetworkV2,GTTFNv2,pd-fusion,1,100.0,1.0,0.5709459459459459,20,89416,600,8,32
shapes3d_8way,GTTensorFieldNetworkV2,GTTFNv2,pd-fusion,2,100.0,1.0,0.5777027027027027,20,89416,600,8,32
shapes3d_8way,HierarchicalTensorFieldNetwork,HierTFN,attn-pool,0,72.2972972972973,0.722972972972973,0.125,20,194664,600,8,32
shapes3d_8way,HierarchicalTensorFieldNetwork,HierTFN,attn-pool,1,100.0,1.0,0.5641891891891891,20,194664,600,8,32
shapes3d_8way,HierarchicalTensorFieldNetwork,HierTFN,attn-pool,2,99.66216216216216,1.0,0.40878378378378377,20,194664,600,8,32
shapes3d_8way,HierarchicalTensorFieldNetwork,HierTFN,baseline,0,100.0,1.0,0.4222972972972973,50,194664,600,8,32
shapes3d_8way,HierarchicalTensorFieldNetwork,HierTFN,baseline,1,87.5,0.8648648648648649,0.22635135135135134,50,194664,600,8,32
shapes3d_8way,HierarchicalTensorFieldNetwork,HierTFN,baseline,2,100.0,1.0,0.5033783783783784,50,194664,600,8,32
shapes3d_8way,HybridOnEquivariantTensorFieldNetwork,HybridTFN,baseline,0,100.0,1.0,0.40878378378378377,20,1863920,600,8,32
shapes3d_8way,HybridOnEquivariantTensorFieldNetwork,HybridTFN,baseline,1,71.28378378378379,0.7128378378378378,0.39864864864864863,50,1863920,600,8,32
shapes3d_8way,HybridOnEquivariantTensorFieldNetwork,HybridTFN,baseline,2,12.5,0.125,0.125,50,1863920,600,8,32
shapes3d_8way,OnEquivariantTensorFieldNetwork,OnEquivTFN,attn-pool,2,100.0,1.0,0.49324324324324326,20,1754344,600,8,32
shapes3d_8way,OnEquivariantTensorFieldNetwork,OnEquivTFN,baseline,0,100.0,1.0,0.7466216216216216,50,1754344,600,8,32
shapes3d_8way,OnEquivariantTensorFieldNetwork,OnEquivTFN,baseline,1,100.0,1.0,0.527027027027027,50,1754344,600,8,32
shapes3d_8way,OnEquivariantTensorFieldNetwork,OnEquivTFN,baseline,2,100.0,1.0,0.46621621621621623,50,1754344,600,8,32
shapes3d_8way,PersNet,PersNet,baseline,0,100.0,1.0,0.6655405405405406,20,142472,600,8,32
shapes3d_8way,PersNet,PersNet,baseline,1,100.0,1.0,0.6182432432432432,20,142472,600,8,32
shapes3d_8way,PersNet,PersNet,baseline,2,100.0,1.0,0.6925675675675675,20,142472,600,8,32
shapes3d_8way,PersNet,PersNet,noise-aug,0,12.5,0.125,0.125,20,142472,600,8,32
shapes3d_8way,PersNet,PersNet,noise-aug,1,25.0,0.25,0.25,20,142472,600,8,32
shapes3d_8way,PersNet,PersNet,noise-aug,2,12.5,0.125,0.125,20,142472,600,8,32
shapes3d_8way,PointNetTutorial,PointNetTutorial,baseline,0,100.0,1.0,0.527027027027027,100,142408,600,8,32
shapes3d_8way,PointNetTutorial,PointNetTutorial,baseline,1,87.5,0.875,0.5574324324324325,100,142408,600,8,32
shapes3d_8way,PointNetTutorial,PointNetTutorial,baseline,2,100.0,1.0,0.5236486486486487,100,142408,600,8,32
shapes3d_8way,RelaxedOnEquivariantTensorFieldNetwork,RelaxTFN,baseline,0,100.0,1.0,0.875,20,1754346,600,8,32
shapes3d_8way,RelaxedOnEquivariantTensorFieldNetwork,RelaxTFN,baseline,1,21.95945945945946,0.2195945945945946,0.16216216216216217,50,1754346,600,8,32
shapes3d_8way,RelaxedOnEquivariantTensorFieldNetwork,RelaxTFN,baseline,2,100.0,1.0,0.625,20,1754346,600,8,32
shapes3d_8way,RipsPointNet,RipsPointNet,baseline,0,25.0,0.25,0.25,20,282088,600,8,32
shapes3d_8way,RipsPointNet,RipsPointNet,baseline,1,74.32432432432432,0.7432432432432432,0.33783783783783783,20,282088,600,8,32
shapes3d_8way,RipsPointNet,RipsPointNet,baseline,2,100.0,1.0,0.39864864864864863,20,282088,600,8,32
shapes3d_8way,ScalarDistanceDeepSet,ScalarDeepSet,baseline,0,91.8918918918919,0.918918918918919,0.7668918918918919,100,76296,600,8,32
shapes3d_8way,ScalarDistanceDeepSet,ScalarDeepSet,baseline,1,92.22972972972973,0.9222972972972973,0.8885135135135135,100,76296,600,8,32
shapes3d_8way,ScalarDistanceDeepSet,ScalarDeepSet,baseline,2,92.9054054054054,0.9290540540540541,0.7702702702702703,100,76296,600,8,32
shapes3d_8way,ScalarInputMLP,ScalarMLP,baseline,0,44.932432432432435,0.44932432432432434,0.40540540540540543,100,669192,600,8,32
shapes3d_8way,ScalarInputMLP,ScalarMLP,baseline,1,44.25675675675676,0.44256756756756754,0.4155405405405405,100,669192,600,8,32
shapes3d_8way,ScalarInputMLP,ScalarMLP,baseline,2,78.04054054054053,0.7804054054054054,0.8006756756756757,100,669192,600,8,32
shapes3d_8way,StochasticTensorFieldNetwork,StochTFN,baseline,0,100.0,1.0,0.7432432432432432,100,42291,600,8,32
shapes3d_8way,StochasticTensorFieldNetwork,StochTFN,baseline,1,100.0,1.0,0.8614864864864865,100,42291,600,8,32
shapes3d_8way,StochasticTensorFieldNetwork,StochTFN,baseline,2,100.0,1.0,0.9121621621621622,100,42291,600,8,32
shapes3d_8way,TensorFieldNetwork,TFN,baseline,0,100.0,1.0,0.706081081081081,100,89416,600,8,32
shapes3d_8way,TensorFieldNetwork,TFN,baseline,1,100.0,1.0,0.652027027027027,100,89416,600,8,32
shapes3d_8way,TensorFieldNetwork,TFN,baseline,2,100.0,1.0,0.5709459459459459,100,89416,600,8,32
shapes3d_complex,AttentionTensorFieldNetwork,AttnTFN,baseline,0,100.0,1.0,1.0,50,904309,600,6,32
shapes3d_complex,AttentionTensorFieldNetwork,AttnTFN,baseline,1,100.0,1.0,0.6633333333333333,50,904309,600,6,32
shapes3d_complex,AttentionTensorFieldNetwork,AttnTFN,baseline,2,100.0,1.0,0.86,50,904309,600,6,32
shapes3d_complex,GTTensorFieldNetworkV2,GTTFNv2,attn-pool,0,100.0,1.0,0.9733333333333334,20,90439,600,6,32
shapes3d_complex,GTTensorFieldNetworkV2,GTTFNv2,attn-pool,1,100.0,1.0,0.8333333333333334,20,90439,600,6,32
shapes3d_complex,GTTensorFieldNetworkV2,GTTFNv2,attn-pool,2,100.0,1.0,0.9966666666666667,20,90439,600,6,32
shapes3d_complex,GTTensorFieldNetworkV2,GTTFNv2,baseline,0,100.0,1.0,0.6666666666666666,100,89286,600,6,32
shapes3d_complex,GTTensorFieldNetworkV2,GTTFNv2,baseline,1,100.0,1.0,1.0,100,89286,600,6,32
shapes3d_complex,GTTensorFieldNetworkV2,GTTFNv2,baseline,2,100.0,1.0,0.7066666666666667,100,89286,600,6,32
shapes3d_complex,GTTensorFieldNetworkV2,GTTFNv2,pd-fusion,0,100.0,0.98,0.7566666666666667,20,89286,600,6,32
shapes3d_complex,GTTensorFieldNetworkV2,GTTFNv2,pd-fusion,1,100.0,1.0,0.9633333333333334,20,89286,600,6,32
shapes3d_complex,GTTensorFieldNetworkV2,GTTFNv2,pd-fusion,2,100.0,0.8333333333333334,0.5733333333333334,20,89286,600,6,32
shapes3d_complex,HierarchicalTensorFieldNetwork,HierTFN,attn-pool,0,100.0,1.0,0.43,20,194534,600,6,32
shapes3d_complex,HierarchicalTensorFieldNetwork,HierTFN,attn-pool,1,99.33333333333333,0.99,0.17333333333333334,20,194534,600,6,32
shapes3d_complex,HierarchicalTensorFieldNetwork,HierTFN,attn-pool,2,100.0,1.0,0.27666666666666667,20,194534,600,6,32
shapes3d_complex,HierarchicalTensorFieldNetwork,HierTFN,baseline,0,84.66666666666667,0.82,0.32,50,194534,600,6,32
shapes3d_complex,HierarchicalTensorFieldNetwork,HierTFN,baseline,1,84.0,0.83,0.2833333333333333,50,194534,600,6,32
shapes3d_complex,HierarchicalTensorFieldNetwork,HierTFN,baseline,2,100.0,0.9933333333333333,0.3333333333333333,50,194534,600,6,32
shapes3d_complex,HybridOnEquivariantTensorFieldNetwork,HybridTFN,baseline,2,100.0,1.0,0.43,20,1863532,600,6,32
shapes3d_complex,OnEquivariantTensorFieldNetwork,OnEquivTFN,attn-pool,0,100.0,1.0,0.86,20,1754214,600,6,32
shapes3d_complex,OnEquivariantTensorFieldNetwork,OnEquivTFN,attn-pool,1,100.0,1.0,0.8333333333333334,20,1754214,600,6,32
shapes3d_complex,OnEquivariantTensorFieldNetwork,OnEquivTFN,attn-pool,2,100.0,1.0,0.6733333333333333,20,1754214,600,6,32
shapes3d_complex,OnEquivariantTensorFieldNetwork,OnEquivTFN,baseline,0,100.0,1.0,0.36666666666666664,50,1754214,600,6,32
shapes3d_complex,OnEquivariantTensorFieldNetwork,OnEquivTFN,baseline,1,100.0,1.0,1.0,50,1754214,600,6,32
shapes3d_complex,OnEquivariantTensorFieldNetwork,OnEquivTFN,baseline,2,100.0,1.0,0.52,50,1754214,600,6,32
shapes3d_complex,PersNet,PersNet,baseline,0,100.0,1.0,0.9433333333333334,20,142214,600,6,32
shapes3d_complex,PersNet,PersNet,baseline,1,100.0,1.0,0.95,20,142214,600,6,32
shapes3d_complex,PersNet,PersNet,baseline,2,100.0,1.0,0.7566666666666667,20,142214,600,6,32
shapes3d_complex,PersNet,PersNet,noise-aug,0,16.666666666666664,0.16666666666666666,0.16666666666666666,20,142214,600,6,32
shapes3d_complex,PersNet,PersNet,noise-aug,1,50.0,0.5,0.5,20,142214,600,6,32
shapes3d_complex,PersNet,PersNet,noise-aug,2,33.33333333333333,0.3333333333333333,0.3333333333333333,20,142214,600,6,32
shapes3d_complex,PointNetTutorial,PointNetTutorial,baseline,0,100.0,1.0,0.6866666666666666,100,142150,600,6,32
shapes3d_complex,PointNetTutorial,PointNetTutorial,baseline,1,100.0,1.0,0.8266666666666667,100,142150,600,6,32
shapes3d_complex,PointNetTutorial,PointNetTutorial,baseline,2,100.0,1.0,0.8166666666666667,100,142150,600,6,32
shapes3d_complex,RelaxedOnEquivariantTensorFieldNetwork,RelaxTFN,baseline,0,100.0,1.0,0.8066666666666666,20,1754216,600,6,32
shapes3d_complex,RelaxedOnEquivariantTensorFieldNetwork,RelaxTFN,baseline,1,100.0,1.0,0.8333333333333334,20,1754216,600,6,32
shapes3d_complex,RelaxedOnEquivariantTensorFieldNetwork,RelaxTFN,baseline,2,100.0,1.0,0.97,20,1754216,600,6,32
shapes3d_complex,RipsPointNet,RipsPointNet,baseline,0,100.0,1.0,0.7633333333333333,20,281830,600,6,32
shapes3d_complex,RipsPointNet,RipsPointNet,baseline,1,100.0,1.0,0.5366666666666666,20,281830,600,6,32
shapes3d_complex,RipsPointNet,RipsPointNet,baseline,2,100.0,1.0,0.76,20,281830,600,6,32
shapes3d_complex,ScalarDistanceDeepSet,ScalarDeepSet,baseline,0,94.0,0.94,0.9333333333333333,100,76038,600,6,32
shapes3d_complex,ScalarDistanceDeepSet,ScalarDeepSet,baseline,1,96.33333333333334,0.9633333333333334,0.9033333333333333,100,76038,600,6,32
shapes3d_complex,ScalarDistanceDeepSet,ScalarDeepSet,baseline,2,95.0,0.95,0.93,100,76038,600,6,32
shapes3d_complex,ScalarInputMLP,ScalarMLP,baseline,0,50.0,0.5,0.5,100,667142,600,6,32
shapes3d_complex,ScalarInputMLP,ScalarMLP,baseline,1,66.66666666666666,0.6666666666666666,0.6666666666666666,100,667142,600,6,32
shapes3d_complex,ScalarInputMLP,ScalarMLP,baseline,2,66.0,0.66,0.6133333333333333,100,667142,600,6,32
shapes3d_complex,StochasticTensorFieldNetwork,StochTFN,baseline,0,100.0,1.0,0.89,100,41895,600,6,32
shapes3d_complex,StochasticTensorFieldNetwork,StochTFN,baseline,1,100.0,1.0,0.6666666666666666,100,41895,600,6,32
shapes3d_complex,StochasticTensorFieldNetwork,StochTFN,baseline,2,100.0,1.0,0.65,100,41895,600,6,32
shapes3d_complex,TensorFieldNetwork,TFN,baseline,0,100.0,1.0,0.8266666666666667,100,89286,600,6,32
shapes3d_complex,TensorFieldNetwork,TFN,baseline,1,100.0,1.0,0.7366666666666667,100,89286,600,6,32
shapes3d_complex,TensorFieldNetwork,TFN,baseline,2,100.0,1.0,0.7466666666666667,100,89286,600,6,32
shapes3d_geometry,AttentionTensorFieldNetwork,AttnTFN,baseline,0,100.0,1.0,0.5233333333333333,50,904179,600,4,32
shapes3d_geometry,AttentionTensorFieldNetwork,AttnTFN,baseline,1,50.0,0.5,0.5,100,904179,600,4,32
shapes3d_geometry,AttentionTensorFieldNetwork,AttnTFN,baseline,2,100.0,1.0,0.9966666666666667,50,904179,600,4,32
shapes3d_geometry,GTTensorFieldNetworkV2,GTTFNv2,attn-pool,0,100.0,1.0,0.7233333333333334,20,90309,600,4,32
shapes3d_geometry,GTTensorFieldNetworkV2,GTTFNv2,attn-pool,1,100.0,1.0,0.9333333333333333,20,90309,600,4,32
shapes3d_geometry,GTTensorFieldNetworkV2,GTTFNv2,attn-pool,2,100.0,1.0,0.5633333333333334,20,90309,600,4,32
shapes3d_geometry,GTTensorFieldNetworkV2,GTTFNv2,baseline,0,100.0,1.0,0.95,100,89156,600,4,32
shapes3d_geometry,GTTensorFieldNetworkV2,GTTFNv2,baseline,1,100.0,1.0,0.9833333333333333,100,89156,600,4,32
shapes3d_geometry,GTTensorFieldNetworkV2,GTTFNv2,baseline,2,100.0,1.0,0.5966666666666667,100,89156,600,4,32
shapes3d_geometry,GTTensorFieldNetworkV2,GTTFNv2,pd-fusion,0,100.0,1.0,0.9466666666666667,20,89156,600,4,32
shapes3d_geometry,GTTensorFieldNetworkV2,GTTFNv2,pd-fusion,1,100.0,1.0,0.89,20,89156,600,4,32
shapes3d_geometry,GTTensorFieldNetworkV2,GTTFNv2,pd-fusion,2,100.0,1.0,0.89,20,89156,600,4,32
shapes3d_geometry,HierarchicalTensorFieldNetwork,HierTFN,attn-pool,0,100.0,0.9933333333333333,0.25666666666666665,20,194404,600,4,32
shapes3d_geometry,HierarchicalTensorFieldNetwork,HierTFN,attn-pool,1,99.33333333333333,1.0,0.26666666666666666,20,194404,600,4,32
shapes3d_geometry,HierarchicalTensorFieldNetwork,HierTFN,attn-pool,2,100.0,1.0,0.32,20,194404,600,4,32
shapes3d_geometry,HierarchicalTensorFieldNetwork,HierTFN,baseline,0,98.33333333333333,0.9833333333333333,0.29333333333333333,50,194404,600,4,32
shapes3d_geometry,HierarchicalTensorFieldNetwork,HierTFN,baseline,1,100.0,1.0,0.28,50,194404,600,4,32
shapes3d_geometry,HierarchicalTensorFieldNetwork,HierTFN,baseline,2,100.0,1.0,0.26666666666666666,50,194404,600,4,32
shapes3d_geometry,HybridOnEquivariantTensorFieldNetwork,HybridTFN,baseline,0,100.0,1.0,0.8266666666666667,20,1863144,600,4,32
shapes3d_geometry,HybridOnEquivariantTensorFieldNetwork,HybridTFN,baseline,1,100.0,1.0,0.89,20,1863144,600,4,32
shapes3d_geometry,HybridOnEquivariantTensorFieldNetwork,HybridTFN,baseline,2,100.0,1.0,0.9266666666666666,20,1863144,600,4,32
shapes3d_geometry,OnEquivariantTensorFieldNetwork,OnEquivTFN,attn-pool,0,100.0,1.0,0.8833333333333333,20,1754084,600,4,32
shapes3d_geometry,OnEquivariantTensorFieldNetwork,OnEquivTFN,attn-pool,1,100.0,1.0,0.5733333333333334,20,1754084,600,4,32
shapes3d_geometry,OnEquivariantTensorFieldNetwork,OnEquivTFN,baseline,0,100.0,1.0,0.49,50,1754084,600,4,32
shapes3d_geometry,OnEquivariantTensorFieldNetwork,OnEquivTFN,baseline,1,50.0,0.5,0.5,100,1754084,600,4,32
shapes3d_geometry,OnEquivariantTensorFieldNetwork,OnEquivTFN,baseline,2,100.0,1.0,0.75,50,1754084,600,4,32
shapes3d_geometry,PersNet,PersNet,baseline,0,100.0,1.0,0.8733333333333333,20,141956,600,4,32
shapes3d_geometry,PersNet,PersNet,baseline,1,100.0,1.0,0.7566666666666667,20,141956,600,4,32
shapes3d_geometry,PersNet,PersNet,baseline,2,100.0,1.0,0.48333333333333334,20,141956,600,4,32
shapes3d_geometry,PersNet,PersNet,noise-aug,0,75.0,0.75,0.7433333333333333,20,141956,600,4,32
shapes3d_geometry,PersNet,PersNet,noise-aug,1,25.0,0.25,0.51,20,141956,600,4,32
shapes3d_geometry,PersNet,PersNet,noise-aug,2,50.0,0.5,0.5,20,141956,600,4,32
shapes3d_geometry,PointNetTutorial,PointNetTutorial,baseline,0,100.0,1.0,0.5033333333333333,100,141892,600,4,32
shapes3d_geometry,PointNetTutorial,PointNetTutorial,baseline,1,100.0,1.0,0.5,100,141892,600,4,32
shapes3d_geometry,PointNetTutorial,PointNetTutorial,baseline,2,100.0,1.0,0.5,100,141892,600,4,32
shapes3d_geometry,RelaxedOnEquivariantTensorFieldNetwork,RelaxTFN,baseline,1,100.0,1.0,0.75,20,1754086,600,4,32
shapes3d_geometry,RelaxedOnEquivariantTensorFieldNetwork,RelaxTFN,baseline,2,71.66666666666667,0.7166666666666667,0.7233333333333334,100,1754086,600,4,32
shapes3d_geometry,RipsPointNet,RipsPointNet,baseline,0,100.0,1.0,0.29,20,281572,600,4,32
shapes3d_geometry,RipsPointNet,RipsPointNet,baseline,1,100.0,1.0,0.7366666666666667,20,281572,600,4,32
shapes3d_geometry,RipsPointNet,RipsPointNet,baseline,2,25.0,0.25,0.25,20,281572,600,4,32
shapes3d_geometry,ScalarDistanceDeepSet,ScalarDeepSet,baseline,0,100.0,1.0,0.75,100,75780,600,4,32
shapes3d_geometry,ScalarDistanceDeepSet,ScalarDeepSet,baseline,1,100.0,1.0,0.75,100,75780,600,4,32
shapes3d_geometry,ScalarDistanceDeepSet,ScalarDeepSet,baseline,2,100.0,1.0,0.7466666666666667,100,75780,600,4,32
shapes3d_geometry,ScalarInputMLP,ScalarMLP,baseline,0,74.66666666666667,0.7466666666666667,0.6066666666666667,100,665092,600,4,32
shapes3d_geometry,ScalarInputMLP,ScalarMLP,baseline,1,25.0,0.25,0.25,100,665092,600,4,32
shapes3d_geometry,ScalarInputMLP,ScalarMLP,baseline,2,25.0,0.25,0.25,100,665092,600,4,32
shapes3d_geometry,StochasticTensorFieldNetwork,StochTFN,baseline,0,100.0,1.0,0.9533333333333334,100,41499,600,4,32
shapes3d_geometry,StochasticTensorFieldNetwork,StochTFN,baseline,1,100.0,1.0,0.8066666666666666,100,41499,600,4,32
shapes3d_geometry,StochasticTensorFieldNetwork,StochTFN,baseline,2,100.0,1.0,0.9733333333333334,100,41499,600,4,32
shapes3d_geometry,TensorFieldNetwork,TFN,baseline,0,100.0,1.0,0.71,100,89156,600,4,32
shapes3d_geometry,TensorFieldNetwork,TFN,baseline,1,100.0,1.0,0.83,100,89156,600,4,32
shapes3d_geometry,TensorFieldNetwork,TFN,baseline,2,100.0,1.0,0.9933333333333333,100,89156,600,4,32
shapes3d_topology,AttentionTensorFieldNetwork,AttnTFN,baseline,0,100.0,1.0,0.8866666666666667,50,904179,600,4,32
shapes3d_topology,AttentionTensorFieldNetwork,AttnTFN,baseline,1,50.0,0.5,0.5,100,904179,600,4,32
shapes3d_topology,AttentionTensorFieldNetwork,AttnTFN,baseline,2,100.0,1.0,1.0,50,904179,600,4,32
shapes3d_topology,GTTensorFieldNetworkV2,GTTFNv2,attn-pool,0,100.0,1.0,1.0,20,90309,600,4,32
shapes3d_topology,GTTensorFieldNetworkV2,GTTFNv2,attn-pool,1,100.0,1.0,0.84,20,90309,600,4,32
shapes3d_topology,GTTensorFieldNetworkV2,GTTFNv2,attn-pool,2,100.0,1.0,0.7866666666666666,20,90309,600,4,32
shapes3d_topology,GTTensorFieldNetworkV2,GTTFNv2,baseline,0,100.0,1.0,0.8733333333333333,100,89156,600,4,32
shapes3d_topology,GTTensorFieldNetworkV2,GTTFNv2,baseline,1,100.0,1.0,0.9666666666666667,100,89156,600,4,32
shapes3d_topology,GTTensorFieldNetworkV2,GTTFNv2,baseline,2,100.0,1.0,0.9366666666666666,100,89156,600,4,32
shapes3d_topology,GTTensorFieldNetworkV2,GTTFNv2,pd-fusion,0,100.0,0.9966666666666667,1.0,20,89156,600,4,32
shapes3d_topology,GTTensorFieldNetworkV2,GTTFNv2,pd-fusion,1,100.0,1.0,0.75,20,89156,600,4,32
shapes3d_topology,GTTensorFieldNetworkV2,GTTFNv2,pd-fusion,2,75.0,0.75,0.5766666666666667,20,89156,600,4,32
shapes3d_topology,HierarchicalTensorFieldNetwork,HierTFN,attn-pool,0,90.33333333333333,0.8433333333333334,0.43333333333333335,20,194404,600,4,32
shapes3d_topology,HierarchicalTensorFieldNetwork,HierTFN,attn-pool,1,100.0,1.0,0.31666666666666665,20,194404,600,4,32
shapes3d_topology,HierarchicalTensorFieldNetwork,HierTFN,attn-pool,2,100.0,1.0,0.39,20,194404,600,4,32
shapes3d_topology,HierarchicalTensorFieldNetwork,HierTFN,baseline,0,100.0,1.0,0.6266666666666667,50,194404,600,4,32
shapes3d_topology,HierarchicalTensorFieldNetwork,HierTFN,baseline,1,75.0,0.75,0.5,50,194404,600,4,32
shapes3d_topology,HierarchicalTensorFieldNetwork,HierTFN,baseline,2,100.0,1.0,0.6133333333333333,50,194404,600,4,32
shapes3d_topology,HybridOnEquivariantTensorFieldNetwork,HybridTFN,baseline,0,100.0,1.0,0.7466666666666667,20,1863144,600,4,32
shapes3d_topology,HybridOnEquivariantTensorFieldNetwork,HybridTFN,baseline,1,50.0,0.5,0.5,100,1863144,600,4,32
shapes3d_topology,OnEquivariantTensorFieldNetwork,OnEquivTFN,attn-pool,0,100.0,1.0,0.5466666666666666,20,1754084,600,4,32
shapes3d_topology,OnEquivariantTensorFieldNetwork,OnEquivTFN,attn-pool,1,100.0,1.0,1.0,20,1754084,600,4,32
shapes3d_topology,OnEquivariantTensorFieldNetwork,OnEquivTFN,attn-pool,2,100.0,1.0,0.7133333333333334,20,1754084,600,4,32
shapes3d_topology,OnEquivariantTensorFieldNetwork,OnEquivTFN,baseline,0,100.0,1.0,1.0,50,1754084,600,4,32
shapes3d_topology,OnEquivariantTensorFieldNetwork,OnEquivTFN,baseline,1,100.0,1.0,0.9333333333333333,100,1754084,600,4,32
shapes3d_topology,OnEquivariantTensorFieldNetwork,OnEquivTFN,baseline,2,100.0,1.0,1.0,50,1754084,600,4,32
shapes3d_topology,PersNet,PersNet,baseline,0,100.0,1.0,1.0,20,141956,600,4,32
shapes3d_topology,PersNet,PersNet,baseline,1,100.0,1.0,0.8566666666666667,20,141956,600,4,32
shapes3d_topology,PersNet,PersNet,baseline,2,100.0,1.0,0.8033333333333333,20,141956,600,4,32
shapes3d_topology,PersNet,PersNet,noise-aug,0,48.66666666666667,0.4866666666666667,0.47333333333333333,20,141956,600,4,32
shapes3d_topology,PersNet,PersNet,noise-aug,1,75.0,0.75,0.7033333333333334,20,141956,600,4,32
shapes3d_topology,PersNet,PersNet,noise-aug,2,50.0,0.5,0.5,20,141956,600,4,32
shapes3d_topology,PointNetTutorial,PointNetTutorial,baseline,0,100.0,1.0,0.9933333333333333,100,141892,600,4,32
shapes3d_topology,PointNetTutorial,PointNetTutorial,baseline,1,100.0,1.0,1.0,100,141892,600,4,32
shapes3d_topology,PointNetTutorial,PointNetTutorial,baseline,2,100.0,1.0,1.0,100,141892,600,4,32
shapes3d_topology,RelaxedOnEquivariantTensorFieldNetwork,RelaxTFN,baseline,0,100.0,1.0,0.7533333333333333,20,1754086,600,4,32
shapes3d_topology,RelaxedOnEquivariantTensorFieldNetwork,RelaxTFN,baseline,1,25.0,0.25,0.25666666666666665,100,1754086,600,4,32
shapes3d_topology,RelaxedOnEquivariantTensorFieldNetwork,RelaxTFN,baseline,2,100.0,1.0,1.0,20,1754086,600,4,32
shapes3d_topology,RipsPointNet,RipsPointNet,baseline,0,25.0,0.25,0.25,20,281572,600,4,32
shapes3d_topology,RipsPointNet,RipsPointNet,baseline,1,75.0,0.75,0.41333333333333333,20,281572,600,4,32
shapes3d_topology,RipsPointNet,RipsPointNet,baseline,2,100.0,1.0,0.7633333333333333,20,281572,600,4,32
shapes3d_topology,ScalarDistanceDeepSet,ScalarDeepSet,baseline,0,90.66666666666666,0.9066666666666666,0.8533333333333334,50,75780,600,4,32
shapes3d_topology,ScalarDistanceDeepSet,ScalarDeepSet,baseline,1,25.0,0.25,0.25,50,75780,600,4,32
shapes3d_topology,ScalarDistanceDeepSet,ScalarDeepSet,baseline,2,99.66666666666667,0.9966666666666667,0.99,100,75780,600,4,32
shapes3d_topology,ScalarInputMLP,ScalarMLP,baseline,0,50.0,0.5,0.5,100,665092,600,4,32
shapes3d_topology,ScalarInputMLP,ScalarMLP,baseline,1,25.0,0.25,0.25,100,665092,600,4,32
shapes3d_topology,ScalarInputMLP,ScalarMLP,baseline,2,50.0,0.5,0.5,100,665092,600,4,32
shapes3d_topology,StochasticTensorFieldNetwork,StochTFN,baseline,0,100.0,1.0,0.82,100,41499,600,4,32
shapes3d_topology,StochasticTensorFieldNetwork,StochTFN,baseline,1,100.0,1.0,1.0,100,41499,600,4,32
shapes3d_topology,StochasticTensorFieldNetwork,StochTFN,baseline,2,100.0,1.0,1.0,100,41499,600,4,32
shapes3d_topology,TensorFieldNetwork,TFN,baseline,0,100.0,1.0,1.0,100,89156,600,4,32
shapes3d_topology,TensorFieldNetwork,TFN,baseline,1,100.0,1.0,1.0,100,89156,600,4,32
shapes3d_topology,TensorFieldNetwork,TFN,baseline,2,100.0,1.0,0.9933333333333333,100,89156,600,4,32
